{
  "schema": {
    "name": "trustdynamics.model.Model",
    "version": 1
  },
  "state": {
    "initialized": true,
    "average_initial_opinion": 0.0
  },
  "config": {
    "technology_success_rate": 0.9,
    "tech_successful_delta": 0.05,
    "tech_failure_delta": -0.15,
    "agents_self_trust_learning_rate": 0.1,
    "agents_neighbor_trust_learning_rate": 0.1,
    "agents_homophily_normative_tradeoff": 0.5,
    "teams_self_trust_learning_rate": 0.1,
    "teams_neighbor_trust_learning_rate": 0.1,
    "teams_homophily_normative_tradeoff": 0.5
  },
  "rng": {
    "bit_generator": "PCG64",
    "state": {
      "bit_generator": "PCG64",
      "state": {
        "state": 302884904910163977679509969315946709517,
        "inc": 332724090758049132448979897138935081983
      },
      "has_uint32": 0,
      "uinteger": 0
    }
  },
  "organization": {
    "schema": {
      "name": "trustdynamics.organization.Organization",
      "version": 1
    },
    "name": "Organization",
    "opinions": [
      0.20244751175489237,
      0.15261128747686448,
      0.16382432445402476,
      0.2132638970609557,
      0.23813361297576943,
      0.28818310701805094,
      0.3009854154285292,
      0.3504558678470189,
      0.39999625039709397,
      0.4495976902799106
    ],
    "G_teams": {
      "directed": true,
      "multigraph": false,
      "graph": {},
      "nodes": [
        {
          "name": "Team A",
          "opinions": [
            0.4027209830453621,
            0.25272098304536206,
            0.30272098304536205,
            0.35272098304536204,
            0.402720983045362,
            0.452720983045362,
            0.5027209830453621,
            0.5527209830453621,
            0.6027209830453621,
            0.6527209830453622
          ],
          "id": 1
        },
        {
          "name": "Team B",
          "opinions": [
            0.002174040464422668,
            0.052501591908366875,
            0.02492766586268747,
            0.07380681107654954,
            0.0735462429061769,
            0.1236452309907397,
            0.09924984781169639,
            0.14819075264867562,
            0.197271517748826,
            0.24647439751445924
          ],
          "id": 2
        }
      ],
      "edges": [
        {
          "trusts": [
            0.99,
            0.9809863264354766,
            0.977882209013504,
            0.9731491551825867,
            0.9688613853651078,
            0.9637458783251174,
            0.9591443966912401,
            0.9531431786412745,
            0.9477156050172298,
            0.9428078078830935,
            0.9383708624565116
          ],
          "source": 1,
          "target": 1
        },
        {
          "trusts": [
            0.99,
            0.9759794896532148,
            0.970873313520256,
            0.96336873277388,
            0.9565725780476616,
            0.948571267487676,
            0.9413738000368601,
            0.9321062524619117,
            0.9237257435758448,
            0.9161488142696402,
            0.9092996858852673
          ],
          "source": 1,
          "target": 2
        },
        {
          "trusts": [
            0.99,
            0.9809863264354766,
            0.977882209013504,
            0.9731491551825867,
            0.9688613853651078,
            0.9637458783251174,
            0.9591443966912401,
            0.9531431786412745,
            0.9477156050172298,
            0.9428078078830935,
            0.9383708624565116
          ],
          "source": 2,
          "target": 2
        },
        {
          "trusts": [
            0.99,
            0.9759794896532148,
            0.970873313520256,
            0.96336873277388,
            0.9565725780476616,
            0.948571267487676,
            0.9413738000368601,
            0.9321062524619117,
            0.9237257435758448,
            0.9161488142696402,
            0.9092996858852673
          ],
          "source": 2,
          "target": 1
        }
      ]
    },
    "G_agents": {
      "directed": true,
      "multigraph": false,
      "graph": {},
      "nodes": [
        {
          "name": "Agent 1",
          "team": 1,
          "opinions": [
            0.4027209830453621,
            0.25272098304536206,
            0.30272098304536205,
            0.35272098304536204,
            0.402720983045362,
            0.452720983045362,
            0.5027209830453621,
            0.5527209830453621,
            0.6027209830453621,
            0.6527209830453622,
            0.7027209830453622
          ],
          "id": 3
        },
        {
          "name": "Agent 2",
          "team": 2,
          "opinions": [
            -0.26743423456245996,
            -0.21743423456245997,
            -0.36743423456245994,
            -0.31743423456245995,
            -0.26743423456245996,
            -0.21743423456245997,
            -0.36743423456245994,
            -0.31743423456245995,
            -0.26743423456245996,
            -0.21743423456245997,
            -0.16743423456245998
          ],
          "id": 4
        },
        {
          "name": "Agent 3",
          "team": 2,
          "opinions": [
            0.5720047257562003,
            0.6220047257562004,
            0.6720047257562004,
            0.7220047257562004,
            0.5720047257562004,
            0.6220047257562005,
            0.6720047257562005,
            0.7220047257562006,
            0.7720047257562006,
            0.8220047257562006,
            0.8720047257562007
          ],
          "id": 5
        },
        {
          "name": "Agent 4",
          "team": 2,
          "opinions": [
            0.24954494405216318,
            0.2995449440521632,
            0.3495449440521632,
            0.3995449440521632,
            0.44954494405216316,
            0.49954494405216315,
            0.5495449440521631,
            0.5995449440521632,
            0.6495449440521632,
            0.6995449440521633,
            0.7495449440521633
          ],
          "id": 6
        },
        {
          "name": "Agent 5",
          "team": 2,
          "opinions": [
            -0.9568364182912655,
            -0.9068364182912655,
            -0.8568364182912654,
            -0.8068364182912654,
            -0.7568364182912654,
            -0.7068364182912653,
            -0.6568364182912653,
            -0.6068364182912652,
            -0.5568364182912652,
            -0.5068364182912651,
            -0.45683641829126514
          ],
          "id": 7
        }
      ],
      "edges": [
        {
          "trusts": [
            0.255,
            0.3295,
            0.39655000000000007,
            0.45689500000000005,
            0.5112055000000001,
            0.5600849500000001,
            0.6040764550000001,
            0.6436688095,
            0.67930192855,
            0.711371735695,
            0.7402345621255
          ],
          "source": 3,
          "target": 3
        },
        {
          "trusts": [
            0.99,
            0.9775195862486559,
            0.966270836300249,
            0.9500256576489667,
            0.9354610396021197,
            0.9248659117684759,
            0.9153253473139684,
            0.9004586084638638,
            0.8871314982569207,
            0.8751830608156644,
            0.864469323130252
          ],
          "source": 4,
          "target": 4
        },
        {
          "trusts": [
            0.745,
            0.735268258859739,
            0.7265178806196028,
            0.7117031920523381,
            0.6983419509721466,
            0.6950603197957148,
            0.6921093264390403,
            0.6825935478385572,
            0.6740028697190469,
            0.6662482785389913,
            0.6592492184710821
          ],
          "source": 4,